First Name,Last Name,Age,Email,Phone Number,Address,City,State,Zip Code
"John","Doe",30,"johndoe@example.com","(555) 123-4567","123 Elm Street","New York","NY",10001
"Jane","Smith",25,"janesmith@example.com","(555) 234-5678","456 Oak Avenue","Los Angeles","CA",90001
"Maria","Gonzalez",38,"maria.gonzalez@example.com","(555) 345-6789","789 Pine Road","Chicago","IL",60601
"Mark","Johnson",45,"mark.johnson@example.com","(555) 456-7890","321 Birch Boulevard","Houston","TX",77001
"Elena","Petrov",29,"elena.petrov@example.com","(555) 567-8901","654 Maple Street","San Francisco","CA",94101
"Lucas","Williams",33,"lucas.williams@example.com","(555) 678-9012","987 Cedar Lane","Austin","TX",73301
"Olivia","Brown",27,"olivia.brown@example.com","(555) 789-0123","135 Spruce Court","Seattle","WA",98101
"David","Miller",52,"david.miller@example.com","(555) 890-1234","246 Redwood Way","Portland","OR",97201
"Sophie","Davis",41,"sophie.davis@example.com","(555) 901-2345","135 Maple Drive","Denver","CO",80201
"Matthew","Martinez",36,"matthew.martinez@example.com","(555) 012-3456","222 Willow Crescent","Miami","FL",33101
